AP50_fire,AP50_smoke,epoch,fpr_at_op,loss_bbox_ctrness,loss_bbox_regression,loss_classification,loss_scene,lr,mAP50,mAP50_95,op_threshold,recall_any_at_op,recall_fire_at_op,recall_smoke_at_op,scene_ap_fire,scene_ap_smoke,scene_fpr_fire,scene_fpr_smoke,seconds,skipped_batches,train_total
0.19459,0.4288,1,0.00559,0.65984,0.49609,0.49384,0.42733,9.99386e-05,0.3117,0.10667,0.6,0.1406,0.05405,0.12905,0.8795,0.92737,0.04145,0.38842,486.4,0,2.0771
0.25887,0.49985,2,0.00497,0.64991,0.40056,0.39981,0.34495,9.96435e-05,0.37936,0.13525,0.55,0.303,0.0473,0.30552,0.85023,0.86975,0.02464,0.24733,464.8,0,1.79523
0.26949,0.53993,3,0.00186,0.64626,0.38198,0.38026,0.32883,9.91059e-05,0.40471,0.15078,0.6,0.23978,0.02365,0.2521,0.8795,0.79352,0.02738,0.14896,466.1,0,1.73733
0.30519,0.54364,4,0.00994,0.64449,0.37143,0.36963,0.3221,9.83284e-05,0.42441,0.16305,0.55,0.52044,0.26577,0.46459,0.8795,0.93457,0.02659,0.33108,461.7,0,1.70765
0.34177,0.56375,5,0.00745,0.64249,0.36244,0.35983,0.31491,9.73148e-05,0.45276,0.18431,0.55,0.5346,0.35135,0.46218,0.87838,0.87935,0.02425,0.20967,462.1,0,1.67967
0.33954,0.57019,6,0.00745,0.64119,0.3539,0.35052,0.30336,9.60702e-05,0.45486,0.18526,0.5,0.59346,0.31757,0.55522,0.86261,0.83974,0.02034,0.15121,464.8,0,1.64897
0.36971,0.60243,7,0.00248,0.6412,0.35161,0.34279,0.29869,9.46007e-05,0.48607,0.1968,0.55,0.5188,0.29955,0.46339,0.92005,0.80732,0.0395,0.10624,470.9,0,1.63429
0.38179,0.6108,8,0.00124,0.63943,0.34598,0.33784,0.28991,9.29135e-05,0.4963,0.2072,0.6,0.34332,0.2455,0.26351,0.92117,0.87155,0.03833,0.16245,467.3,0,1.61316
0.40532,0.61819,9,0.0087,0.63881,0.34341,0.33485,0.28617,9.1017e-05,0.51175,0.21312,0.55,0.64087,0.38063,0.58884,0.88964,0.81873,0.02386,0.10455,474.2,0,1.60323
0.41394,0.6379,10,0.00373,0.63902,0.34016,0.32985,0.27937,8.89206e-05,0.52592,0.22304,0.55,0.60272,0.57207,0.45798,0.88626,0.85174,0.02503,0.11186,463.7,0,1.5884
0.41118,0.62319,11,0.00807,0.63797,0.33737,0.32939,0.27954,8.66345e-05,0.51719,0.21505,0.55,0.61144,0.34122,0.56242,0.88739,0.87035,0.02151,0.13491,462.5,0,1.58427
0.41867,0.63315,12,0.00186,0.63815,0.33584,0.32474,0.27597,8.41701e-05,0.52591,0.2195,0.6,0.35804,0.39414,0.21849,0.89414,0.84634,0.02112,0.10793,462.2,0,1.57469
0.41434,0.63824,13,0.00373,0.63702,0.33214,0.3212,0.26948,8.15395e-05,0.52629,0.22016,0.55,0.60109,0.50563,0.4988,0.88851,0.79772,0.01877,0.05902,467.8,0,1.55983
0.43166,0.66217,14,0.00186,0.63738,0.33056,0.31703,0.26788,7.87557e-05,0.54692,0.23184,0.55,0.58856,0.51914,0.46819,0.88739,0.93938,0.0176,0.21304,468.0,0,1.55286
0.43743,0.67324,15,0.00621,0.63701,0.32851,0.3169,0.26607,7.58325e-05,0.55534,0.2393,0.55,0.64469,0.56081,0.52761,0.87838,0.88295,0.01643,0.12198,472.5,0,1.5485
0.42307,0.66334,16,0.0087,0.63617,0.32617,0.31599,0.26153,7.27843e-05,0.5432,0.23686,0.55,0.58147,0.45045,0.48499,0.90766,0.79172,0.0262,0.04722,467.2,0,1.53986
0.43638,0.66579,17,0.00497,0.63711,0.32406,0.30631,0.25721,6.9626e-05,0.55108,0.23366,0.55,0.6049,0.375,0.53782,0.91667,0.89076,0.02738,0.12479,465.3,0,1.5247
0.45026,0.67759,18,0.00435,0.63667,0.32469,0.30426,0.25829,6.63734e-05,0.56392,0.25371,0.55,0.62725,0.54955,0.5018,0.9009,0.85174,0.02229,0.08151,466.9,0,1.52391
0.44537,0.65588,19,0.00932,0.63576,0.31985,0.30557,0.25877,6.30424e-05,0.55062,0.24583,0.55,0.64741,0.58784,0.54022,0.90878,0.94898,0.02464,0.19562,462.0,0,1.51996
0.46091,0.66608,20,0.00683,0.63553,0.32014,0.30223,0.25328,5.96496e-05,0.5635,0.24746,0.55,0.69809,0.53829,0.60024,0.9223,0.84214,0.03011,0.06352,459.2,0,1.51118
0.46708,0.69414,21,0.00621,0.63676,0.31836,0.2968,0.25166,5.62115e-05,0.58061,0.26242,0.55,0.70518,0.62838,0.59064,0.91104,0.91957,0.02425,0.15008,474.4,0,1.50357
0.45735,0.6857,22,0.00435,0.63513,0.31661,0.2962,0.24727,5.27453e-05,0.57153,0.25641,0.55,0.63052,0.45383,0.55462,0.92793,0.88776,0.02816,0.09949,474.2,0,1.49521
0.46395,0.69639,23,0.00932,0.63404,0.31485,0.29746,0.24637,4.9268e-05,0.58017,0.26393,0.55,0.73569,0.6509,0.63986,0.9268,0.90276,0.02933,0.12535,465.8,0,1.49271
0.47075,0.67969,24,0.00683,0.63358,0.31235,0.29206,0.24336,4.57968e-05,0.57522,0.26408,0.55,0.67084,0.54505,0.56603,0.88514,0.84814,0.01721,0.06914,469.2,0,1.48135
0.47196,0.6885,25,0.00994,0.63494,0.31298,0.29344,0.24485,4.23488e-05,0.58023,0.26549,0.55,0.70681,0.5259,0.62065,0.92455,0.85774,0.02151,0.07589,469.9,0,1.48621
0.47635,0.68393,26,0.00745,0.63376,0.30981,0.28949,0.24436,3.8941e-05,0.58014,0.26282,0.5,0.82507,0.82207,0.72629,0.91441,0.89736,0.0219,0.10343,466.1,0,1.47743
0.49207,0.69598,27,0.00807,0.63288,0.30966,0.28864,0.24302,3.55903e-05,0.59402,0.2712,0.55,0.74659,0.58221,0.65306,0.92005,0.88836,0.02386,0.095,471.9,0,1.4742
0.48888,0.69541,28,0.00559,0.63371,0.30837,0.28695,0.24214,3.23131e-05,0.59215,0.27307,0.55,0.73733,0.7027,0.62785,0.93131,0.87095,0.02503,0.08151,473.5,0,1.47117
0.49065,0.70952,29,0.00621,0.63218,0.30763,0.2858,0.24049,2.91258e-05,0.60008,0.27666,0.55,0.75586,0.51014,0.69028,0.9482,0.93097,0.03168,0.1484,466.3,0,1.46609
0.49068,0.71067,30,0.00435,0.63232,0.30545,0.28455,0.23883,2.60439e-05,0.60068,0.27664,0.55,0.72534,0.6036,0.62245,0.89527,0.89976,0.02073,0.10399,466.7,0,1.46115
0.49524,0.70304,31,0.00932,0.63285,0.30475,0.27974,0.23654,2.30827e-05,0.59914,0.28013,0.55,0.76403,0.65653,0.65906,0.91104,0.89256,0.02112,0.09106,475.6,0,1.45389
0.4927,0.71932,32,0.00497,0.63196,0.30243,0.28106,0.23551,2.02568e-05,0.60601,0.28146,0.55,0.71444,0.61486,0.61585,0.9223,0.89436,0.02307,0.10287,474.7,0,1.45096
0.50113,0.71785,33,0.00621,0.63273,0.30491,0.28029,0.23704,1.75802e-05,0.60949,0.28498,0.55,0.7455,0.70833,0.63745,0.95158,0.91777,0.03246,0.12704,471.3,0,1.45497
0.49895,0.71974,34,0.00621,0.63329,0.30412,0.27794,0.23991,1.5066e-05,0.60935,0.28605,0.55,0.72752,0.6464,0.63625,0.93806,0.88115,0.02581,0.08544,474.3,0,1.45526
0.50115,0.71941,35,0.00373,0.63273,0.30154,0.27635,0.23639,1.27268e-05,0.61028,0.28868,0.55,0.69755,0.53829,0.61104,0.93468,0.88535,0.02581,0.08375,466.9,0,1.44701
0.5075,0.72506,36,0.00621,0.63194,0.29943,0.27669,0.23821,1.05739e-05,0.61628,0.29029,0.55,0.72589,0.59009,0.62785,0.91554,0.90276,0.02073,0.10343,477.4,0,1.44627
0.51138,0.72431,37,0.00497,0.63315,0.30043,0.27434,0.23755,8.6181e-06,0.61784,0.28979,0.55,0.74877,0.64752,0.65066,0.93131,0.89316,0.02542,0.08713,482.5,0,1.44546
0.50507,0.72461,38,0.00621,0.63246,0.29879,0.27538,0.23658,6.869e-06,0.61484,0.28962,0.55,0.73733,0.68581,0.61164,0.93356,0.89076,0.0262,0.08432,482.3,0,1.44321
0.5156,0.7269,39,0.00497,0.6328,0.29953,0.27271,0.22864,5.3353e-06,0.62125,0.29351,0.55,0.73188,0.62162,0.63145,0.9268,0.89376,0.02229,0.08881,477.0,0,1.43368
0.51245,0.72669,40,0.00435,0.63132,0.29895,0.2718,0.23581,4.0244e-06,0.61957,0.29204,0.55,0.73188,0.625,0.63445,0.92793,0.88175,0.02268,0.07813,477.4,0,1.43789
0.51417,0.72699,41,0.00559,0.63178,0.29668,0.27237,0.23473,2.9429e-06,0.62058,0.29407,0.55,0.72589,0.61261,0.62725,0.9268,0.90276,0.02346,0.10343,482.0,0,1.43556
0.5125,0.72733,42,0.00435,0.63212,0.29654,0.27143,0.23542,2.0962e-06,0.61991,0.29375,0.55,0.72752,0.64977,0.62245,0.93243,0.89736,0.02464,0.09331,473.7,0,1.4355
0.51709,0.72641,43,0.00559,0.63178,0.29707,0.27306,0.2342,1.4883e-06,0.62175,0.29371,0.55,0.74169,0.67342,0.64466,0.93243,0.89856,0.02464,0.09387,494.2,0,1.43612
0.51626,0.72767,44,0.00559,0.63241,0.29855,0.27168,0.23097,1.1223e-06,0.62196,0.29406,0.55,0.74223,0.64752,0.64286,0.93468,0.89796,0.02503,0.09387,483.3,0,1.43361
0.5168,0.72571,45,0.00559,0.63212,0.29988,0.27389,0.2369,1e-06,0.62125,0.29381,0.55,0.73243,0.64189,0.63385,0.93468,0.89796,0.02503,0.09275,474.4,0,1.44279
